PkMn	BaseStamina	BaseAttack	BaseDefense	Type1	Type2	BaseCaptureRate	BaseFleeRate	CollisionRadiusM	CollisionHeightM	CollisionHeadRadiusM	MovementType	MovementTimerS	JumpTimeS	AttackTimerS	QuickMoves	CinematicMoves	AnimTime	Evolution	EvolutionPips	PokemonClass	PokedexHeightM	PokedexWeightKg	HeightStdDev	WeightStdDev	FamilyId	CandyToEvolve
1	90	118	118	HoloPokemonType.POKEMON_TYPE_GRASS	HoloPokemonType.POKEMON_TYPE_POISON	0.159999996	0.100000001	0.381500006	0.653999984	0.272500008	HoloPokemonMovementType.POKEMON_ENC_MOVEMENT_JUMP	10	1.149999976	29	d601dd01	5a3b76	6d56d53fdaac2a3f6d56d53f93a9ea3f0000000036ab0a403333b33fbfbbbb3f	2	HoloPokemonClass.POKEMON_CLASS_NORMAL	1	0.699999988	6.900000095	0.087499999	0.862500012	HoloPokemonFamilyId.V0001_FAMILY_BULBASAUR	25
2	120	151	151	HoloPokemonType.POKEMON_TYPE_GRASS	HoloPokemonType.POKEMON_TYPE_POISON	0.079999998	0.07	0.318749994	0.637499988	0.254999995	HoloPokemonMovementType.POKEMON_ENC_MOVEMENT_JUMP	23	1.5	8	d701d601	5a7476	36ab2a40daac2a3f6d56d53f36ab0a4000000000000000406d56d53fdbdddd3f	3	HoloPokemonClass.POKEMON_CLASS_NORMAL	1	1	13	0.125	1.625	HoloPokemonFamilyId.V0001_FAMILY_BULBASAUR	100
3	160	198	198	HoloPokemonType.POKEMON_TYPE_GRASS	HoloPokemonType.POKEMON_TYPE_POISON	0.039999999	0.050000001	0.759000003	1.034999967	0.379500002	HoloPokemonMovementType.POKEMON_ENC_MOVEMENT_JUMP	11	1.25	4	d701d601	5a2f74	6ade1d40daac2a3f6d56d53f93a9ea3f00000000fd8708400000004046440440		HoloPokemonClass.POKEMON_CLASS_NORMAL	1	2	100	0.25	12.5	HoloPokemonFamilyId.V0001_FAMILY_BULBASAUR	0
4	78	116	96	HoloPokemonType.POKEMON_TYPE_FIRE	HoloPokemonType.POKEMON_TYPE_NONE	0.159999996	0.100000001	0.15625	0.46875	0.15625	HoloPokemonMovementType.POKEMON_ENC_MOVEMENT_JUMP	29	1.25	10	d101dc01	656618	fd870840daac2a3f6d56d53f93a9ea3f00000000fd8708406d56953fa8aaaa3f	5	HoloPokemonClass.POKEMON_CLASS_NORMAL	1	0.600000024	8.5	0.075000003	1.0625	HoloPokemonFamilyId.V0004_FAMILY_CHARMANDER	25
5	116	158	129	HoloPokemonType.POKEMON_TYPE_FIRE	HoloPokemonType.POKEMON_TYPE_NONE	0.079999998	0.07	0.257499993	0.772499979	0.231749997	HoloPokemonMovementType.POKEMON_ENC_MOVEMENT_JUMP	23	1	8	d101dc01	736618	07f0ee3fdaac2a3f93a9ea3f0000c03f5655d540ca5415400000004025222240	6	HoloPokemonClass.POKEMON_CLASS_NORMAL	1	1.100000024	19	0.137500003	2.375	HoloPokemonFamilyId.V0004_FAMILY_CHARMANDER	100
6	156	223	176	HoloPokemonType.POKEMON_TYPE_FIRE	HoloPokemonType.POKEMON_TYPE_FLYING	0.039999999	0.050000001	0.405000001	1.012500048	0.202500001	HoloPokemonMovementType.POKEMON_ENC_MOVEMENT_FLYING	11	1	4	d101d201	675318	cdcc0c40daac2a3f6d56d53f0de05d3f5655d54000000040cdcccc3f00000040		HoloPokemonClass.POKEMON_CLASS_NORMAL	1	1.700000048	90.5	0.212500006	11.3125	HoloPokemonFamilyId.V0004_FAMILY_CHARMANDER	0
7	88	94	122	HoloPokemonType.POKEMON_TYPE_WATER	HoloPokemonType.POKEMON_TYPE_NONE	0.159999996	0.100000001	0.229499996	0.382499993	0.191249996	HoloPokemonMovementType.POKEMON_ENC_MOVEMENT_JUMP	10	1	29	ed01dd01	393a69	c6dcdd3fdaac2a3f6d56d53f0000c03f0000000036ab0a400000803fa8aaaa3f	8	HoloPokemonClass.POKEMON_CLASS_NORMAL	1	0.5	9	0.0625	1.125	HoloPokemonFamilyId.V0007_FAMILY_SQUIRTLE	25
8	118	126	155	HoloPokemonType.POKEMON_TYPE_WATER	HoloPokemonType.POKEMON_TYPE_NONE	0.079999998	0.07	0.25	0.625	0.1875	HoloPokemonMovementType.POKEMON_ENC_MOVEMENT_JUMP	23	1.25	8	e601ca01	39276b	00000040daac2a3f6d56d53f93a9ea3f000000006666e63fa089883f0e11913f	9	HoloPokemonClass.POKEMON_CLASS_NORMAL	1	1	22.5	0.125	2.8125	HoloPokemonFamilyId.V0007_FAMILY_SQUIRTLE	100
9	158	171	210	HoloPokemonType.POKEMON_TYPE_WATER	HoloPokemonType.POKEMON_TYPE_NONE	0.039999999	0.050000001	0.56400001	1.174999952	0.282000005	HoloPokemonMovementType.POKEMON_ENC_MOVEMENT_JUMP	14	1.25	5	e601ca01	24276b	fd870840daac2a3f6d56d53f93a9ea3f000000000000004036ab2a40a8aaaa3f		HoloPokemonClass.POKEMON_CLASS_NORMAL	1	1.600000024	85.5	0.200000003	10.6875	HoloPokemonFamilyId.V0007_FAMILY_SQUIRTLE	0
10	90	55	62	HoloPokemonType.POKEMON_TYPE_BUG	HoloPokemonType.POKEMON_TYPE_NONE	0.400000006	0.200000003	0.101999998	0.305999994	0.152999997	HoloPokemonMovementType.POKEMON_ENC_MOVEMENT_JUMP	10	0	29	c901dd01	8501	00000000daac2a3f6d56d53f6d56d53f0000000093a9ea3f6d56d53f00000000	0b	HoloPokemonClass.POKEMON_CLASS_NORMAL	1	0.300000012	2.900000095	0.037500001	0.362500012	HoloPokemonFamilyId.V0010_FAMILY_CATERPIE	12
11	100	45	94	HoloPokemonType.POKEMON_TYPE_BUG	HoloPokemonType.POKEMON_TYPE_NONE	0.200000003	0.090000004	0.116999999	0.64349997	0.175500005	HoloPokemonMovementType.POKEMON_ENC_MOVEMENT_JUMP	3600	1	3600	c901dd01	8501	93a9aa3fdaac2a3f93a9ea3f6d56d53f00000000a089c83f0000004000000000	0c	HoloPokemonClass.POKEMON_CLASS_NORMAL	1	0.699999988	9.899999619	0.087499999	1.237499952	HoloPokemonFamilyId.V0010_FAMILY_CATERPIE	50
12	120	167	151	HoloPokemonType.POKEMON_TYPE_BUG	HoloPokemonType.POKEMON_TYPE_FLYING	0.100000001	0.059999999	0.166500002	0.555000007	0.177599996	HoloPokemonMovementType.POKEMON_ENC_MOVEMENT_FLYING	6	1	17	c901eb01	316c63	00000040daac2a3fc6dcdd3fdaac2a3f000000006ade1d40fd87084000000000		HoloPokemonClass.POKEMON_CLASS_NORMAL	1	1.100000024	32	0.137500003	4	HoloPokemonFamilyId.V0010_FAMILY_CATERPIE	0
13	80	63	55	HoloPokemonType.POKEMON_TYPE_BUG	HoloPokemonType.POKEMON_TYPE_POISON	0.400000006	0.200000003	0.104500003	0.209000006	0.156749994	HoloPokemonMovementType.POKEMON_ENC_MOVEMENT_JUMP	10	1.25	29	c901ec01	8501	00000000daac2a3f6d56d53f93a9ea3f000000006d56d53f0000004000000000	0e	HoloPokemonClass.POKEMON_CLASS_NORMAL	1	0.300000012	3.200000048	0.037500001	0.400000006	HoloPokemonFamilyId.V0013_FAMILY_WEEDLE	12
14	90	46	86	HoloPokemonType.POKEMON_TYPE_BUG	HoloPokemonType.POKEMON_TYPE_POISON	0.200000003	0.090000004	0.25	0.75	0.125	HoloPokemonMovementType.POKEMON_ENC_MOVEMENT_JUMP	3600	0	3600	c901ec01	8501	00000000daac2a3f000000006d56d53f00000000000000400000204000000000	0f	HoloPokemonClass.POKEMON_CLASS_NORMAL	1	0.600000024	10	0.075000003	1.25	HoloPokemonFamilyId.V0013_FAMILY_WEEDLE	50
15	130	169	150	HoloPokemonType.POKEMON_TYPE_BUG	HoloPokemonType.POKEMON_TYPE_POISON	0.100000001	0.059999999	0.307999998	0.577499986	0.231000006	HoloPokemonMovementType.POKEMON_ENC_MOVEMENT_ELECTRIC	6	1	17	c901e001	5a2d64	6d56d53fdaac2a3f6d56d53fdaac2a3fcdcc4c3e6666e63f93a9aa3f00000000		HoloPokemonClass.POKEMON_CLASS_NORMAL	1	1	29.5	0.125	3.6875	HoloPokemonFamilyId.V0013_FAMILY_WEEDLE	0
16	80	85	76	HoloPokemonType.POKEMON_TYPE_NORMAL	HoloPokemonType.POKEMON_TYPE_FLYING	0.400000006	0.200000003	0.134399995	0.252000004	0.126000002	HoloPokemonMovementType.POKEMON_ENC_MOVEMENT_JUMP	10	1.399999976	29	db01dd01	502d79	6d56d53fdaac2a3f6d56d53f93a9ea3f0000000093a9ea3fcdcc4c3fa8aaaa3f	11	HoloPokemonClass.POKEMON_CLASS_NORMAL	1	0.300000012	1.799999952	0.037500001	0.224999994	HoloPokemonFamilyId.V0016_FAMILY_PIDGEY	12
17	126	117	108	HoloPokemonType.POKEMON_TYPE_NORMAL	HoloPokemonType.POKEMON_TYPE_FLYING	0.200000003	0.090000004	0.316000015	0.691250026	0.237000003	HoloPokemonMovementType.POKEMON_ENC_MOVEMENT_FLYING	10	1	29	d201ef01	502d79	36ab2a40daac2a3f00000040cdcc4c3f0000000000000040daac2a3f00000000	12	HoloPokemonClass.POKEMON_CLASS_NORMAL	1	1.100000024	30	0.137500003	3.75	HoloPokemonFamilyId.V0016_FAMILY_PIDGEY	50
18	166	166	157	HoloPokemonType.POKEMON_TYPE_NORMAL	HoloPokemonType.POKEMON_TYPE_FLYING	0.100000001	0.059999999	0.360000014	1.008000016	0.216000006	HoloPokemonMovementType.POKEMON_ENC_MOVEMENT_FLYING	6	1	17	d201ef01	7a2d79	d0440440daac2a3f6d56d53fdaac2a3f00000000000000406666e63f00000000		HoloPokemonClass.POKEMON_CLASS_NORMAL	1	1.5	39.5	0.1875	4.9375	HoloPokemonFamilyId.V0016_FAMILY_PIDGEY	0
19	60	103	70	HoloPokemonType.POKEMON_TYPE_NORMAL	HoloPokemonType.POKEMON_TYPE_NONE	0.400000006	0.200000003	0.188999996	0.252000004	0.126000002	HoloPokemonMovementType.POKEMON_ENC_MOVEMENT_JUMP	10	0.899999976	29	dd01db01	1a81018301	3333f33fdaac2a3f6666e63f3a23e23f000000009a9919400de05d3f00000000	14	HoloPokemonClass.POKEMON_CLASS_NORMAL	1	0.300000012	3.5	0.037500001	0.4375	HoloPokemonFamilyId.V0019_FAMILY_RATTATA	25
20	110	161	144	HoloPokemonType.POKEMON_TYPE_NORMAL	HoloPokemonType.POKEMON_TYPE_NONE	0.159999996	0.07	0.292499989	0.584999979	0.263249993	HoloPokemonMovementType.POKEMON_ENC_MOVEMENT_JUMP	23	1	8	ca01db01	1a81010e	6d56d53fdaac2a3fc6dcdd3f6d56d53f0000000000000040d044044000000000		HoloPokemonClass.POKEMON_CLASS_NORMAL	1	0.699999988	18.5	0.087499999	2.3125	HoloPokemonFamilyId.V0019_FAMILY_RATTATA	0
21	80	112	61	HoloPokemonType.POKEMON_TYPE_NORMAL	HoloPokemonType.POKEMON_TYPE_FLYING	0.400000006	0.150000006	0.148000002	0.266400009	0.148000002	HoloPokemonMovementType.POKEMON_ENC_MOVEMENT_JUMP	10	1.25	29	d301db01	2d2650	2d43c43fdaac2a3f6d56d53f93a9ea3f00000000ca541540cdcc4c3f00000000	16	HoloPokemonClass.POKEMON_CLASS_NORMAL	1	0.300000012	2	0.037500001	0.25	HoloPokemonFamilyId.V0021_FAMILY_SPEAROW	50
22	130	182	135	HoloPokemonType.POKEMON_TYPE_NORMAL	HoloPokemonType.POKEMON_TYPE_FLYING	0.159999996	0.07	0.252000004	0.629999995	0.126000002	HoloPokemonMovementType.POKEMON_ENC_MOVEMENT_FLYING	8	1	23	d301ef01	2d2e50	36ab2a40daac2a3f6d56d53f2653553f00000000ca5415406d56d53f00000000		HoloPokemonClass.POKEMON_CLASS_NORMAL	1	1.200000048	38	0.150000006	4.75	HoloPokemonFamilyId.V0021_FAMILY_SPEAROW	0
23	70	110	102	HoloPokemonType.POKEMON_TYPE_POISON	HoloPokemonType.POKEMON_TYPE_NONE	0.400000006	0.150000006	0.259499997	0.345999986	0.138400003	HoloPokemonMovementType.POKEMON_ENC_MOVEMENT_JUMP	29	1.25	10	ec01e101	0d5a5c	c6dcdd3fdaac2a3f6d56d53f93a9ea3f00000000cdcc0c40cdcccc3f00000000	18	HoloPokemonClass.POKEMON_CLASS_NORMAL	1	2	6.900000095	0.25	0.862500012	HoloPokemonFamilyId.V0023_FAMILY_EKANS	50
24	120	167	158	HoloPokemonType.POKEMON_TYPE_POISON	HoloPokemonType.POKEMON_TYPE_NONE	0.159999996	0.07	0.409999996	1.353000045	0.164000005	HoloPokemonMovementType.POKEMON_ENC_MOVEMENT_JUMP	23	1	8	ca01e101	105b5c	36ab2a40daac2a3f6d56d53f0000c03f0000000036ab2a4036ab2a4000000000		HoloPokemonClass.POKEMON_CLASS_NORMAL	1	3.5	65	0.4375	8.125	HoloPokemonFamilyId.V0023_FAMILY_EKANS	0
25	70	112	101	HoloPokemonType.POKEMON_TYPE_ELECTRIC	HoloPokemonType.POKEMON_TYPE_NONE	0.159999996	0.100000001	0.185000002	0.518000007	0.185000002	HoloPokemonMovementType.POKEMON_ENC_MOVEMENT_STATIC	10	1	29	cd01db01	234f4e	93a9ea3fdaac2a3fcdcccc3fa089c83f000000006666e63ff90f913f8b88883f	1a	HoloPokemonClass.POKEMON_CLASS_NORMAL	1	0.400000006	6	0.050000001	0.75	HoloPokemonFamilyId.V0025_FAMILY_PIKACHU	50
26	120	193	165	HoloPokemonType.POKEMON_TYPE_ELECTRIC	HoloPokemonType.POKEMON_TYPE_NONE	0.079999998	0.059999999	0.270000011	0.540000021	0.216000006	HoloPokemonMovementType.POKEMON_ENC_MOVEMENT_JUMP	6	1.25	17	cd01ce01	7b4d4e	63ee0e40daac2a3f00000040000000400000000036ab2a400000803f0e11913f		HoloPokemonClass.POKEMON_CLASS_NORMAL	1	0.800000012	30	0.100000001	3.75	HoloPokemonFamilyId.V0025_FAMILY_PIKACHU	0
27	100	126	145	HoloPokemonType.POKEMON_TYPE_GROUND	HoloPokemonType.POKEMON_TYPE_NONE	0.400000006	0.100000001	0.257999986	0.483749986	0.193499997	HoloPokemonMovementType.POKEMON_ENC_MOVEMENT_JUMP	8	1	23	dc01d801	1a403f	6666e63fdaac2a3fd3bcbb3f6d56d53f0000000036ab2a400000803f00000000	1c	HoloPokemonClass.POKEMON_CLASS_NORMAL	1	0.600000024	12	0.075000003	1.5	HoloPokemonFamilyId.V0027_FAMILY_SANDSHREW	50
28	150	182	202	HoloPokemonType.POKEMON_TYPE_GROUND	HoloPokemonType.POKEMON_TYPE_NONE	0.159999996	0.059999999	0.349999994	0.899999976	0.349999994	HoloPokemonMovementType.POKEMON_ENC_MOVEMENT_JUMP	11	1	4	e401d801	1f3f5f	c6dcdd3fdaac2a3f6d56d53f6d56d53f0000000000000040cdcccc3f00000000		HoloPokemonClass.POKEMON_CLASS_NORMAL	1	1	29.5	0.125	3.6875	HoloPokemonFamilyId.V0027_FAMILY_SANDSHREW	0
29	110	86	94	HoloPokemonType.POKEMON_TYPE_POISON	HoloPokemonType.POKEMON_TYPE_NONE	0.400000006	0.150000006	0.185000002	0.370000005	0.185000002	HoloPokemonMovementType.POKEMON_ENC_MOVEMENT_JUMP	29	1.25	10	ca01ec01	3283015a	93a9aa3fdaac2a3f6d56d53f93a9ea3f000000006d56d53ffd87084000000000	1e	HoloPokemonClass.POKEMON_CLASS_NORMAL	1	0.400000006	7	0.050000001	0.875	HoloPokemonFamilyId.V0029_FAMILY_NIDORAN	25
30	140	117	126	HoloPokemonType.POKEMON_TYPE_POISON	HoloPokemonType.POKEMON_TYPE_NONE	0.200000003	0.07	0.292499989	0.584999979	0.175500005	HoloPokemonMovementType.POKEMON_ENC_MOVEMENT_JUMP	23	1	8	ca01ec01	321a5a	6d56d53fdaac2a3f3a23e23fd3bcbb3f000000000000004093a9aa3f00000000	1f	HoloPokemonClass.POKEMON_CLASS_NORMAL	1	0.800000012	20	0.100000001	2.5	HoloPokemonFamilyId.V0029_FAMILY_NIDORAN	100
31	180	180	174	HoloPokemonType.POKEMON_TYPE_POISON	HoloPokemonType.POKEMON_TYPE_GROUND	0.100000001	0.050000001	0.455000013	0.796249986	0.227500007	HoloPokemonMovementType.POKEMON_ENC_MOVEMENT_JUMP	14	1	5	e001ca01	1f5b20	93a9ea3fdaac2a3f6d56d53f6d56d53f00000000000000406d56d53f00000000		HoloPokemonClass.POKEMON_CLASS_NORMAL	1	1.299999952	60	0.162499994	7.5	HoloPokemonFamilyId.V0029_FAMILY_NIDORAN	0
32	92	105	76	HoloPokemonType.POKEMON_TYPE_POISON	HoloPokemonType.POKEMON_TYPE_NONE	0.400000006	0.150000006	0.252000004	0.314999998	0.157499999	HoloPokemonMovementType.POKEMON_ENC_MOVEMENT_JUMP	29	1	10	d301ec01	7e83015a	93a9ea3fdaac2a3f6d56d53f6d56d53f00000000000000406d56d53f00000000	21	HoloPokemonClass.POKEMON_CLASS_NORMAL	1	0.5	9	0.0625	1.125	HoloPokemonFamilyId.V0032_FAMILY_NIDORAN	25
33	122	137	112	HoloPokemonType.POKEMON_TYPE_POISON	HoloPokemonType.POKEMON_TYPE_NONE	0.200000003	0.07	0.296999991	0.593999982	0.247500002	HoloPokemonMovementType.POKEMON_ENC_MOVEMENT_JUMP	23	1	8	e001ec01	7e1a5a	6666e63fdaac2a3f6d56d53fc6dcdd3f000000006d56d53f6d56d53f00000000	22	HoloPokemonClass.POKEMON_CLASS_NORMAL	1	0.899999976	19.5	0.112499997	2.4375	HoloPokemonFamilyId.V0032_FAMILY_NIDORAN	100
34	162	204	157	HoloPokemonType.POKEMON_TYPE_POISON	HoloPokemonType.POKEMON_TYPE_GROUND	0.100000001	0.050000001	0.548099995	0.870000005	0.274049997	HoloPokemonMovementType.POKEMON_ENC_MOVEMENT_JUMP	14	1	5	e001c801	1f5b16	00000040daac2a3f000000400000c03f0000000036ab0a403333b33f00000000		HoloPokemonClass.POKEMON_CLASS_NORMAL	1	1.399999976	62	0.174999997	7.75	HoloPokemonFamilyId.V0032_FAMILY_NIDORAN	0
35	140	107	116	HoloPokemonType.POKEMON_TYPE_FAIRY	HoloPokemonType.POKEMON_TYPE_NONE	0.239999995	0.100000001	0.3125	0.75	0.224999994	HoloPokemonMovementType.POKEMON_ENC_MOVEMENT_STATIC	8	1.25	23	de01ea01	54830157	00000040daac2a3f6d56d53f93a9ea3f000000000000004093a9aa3f5855d53f	24	HoloPokemonClass.POKEMON_CLASS_NORMAL	1	0.600000024	7.5	0.075000003	0.9375	HoloPokemonFamilyId.V0035_FAMILY_CLEFAIRY	50
36	190	178	171	HoloPokemonType.POKEMON_TYPE_FAIRY	HoloPokemonType.POKEMON_TYPE_NONE	0.079999998	0.059999999	0.444999993	1.112499952	0.444999993	HoloPokemonMovementType.POKEMON_ENC_MOVEMENT_JUMP	4	1.25	11	de01ea01	566c57	ca541540daac2a3f6d56d53f93a9ea3f0000000036ab2a4093a9aa3f00000000		HoloPokemonClass.POKEMON_CLASS_NORMAL	1	1.299999952	40	0.162499994	5	HoloPokemonFamilyId.V0035_FAMILY_CLEFAIRY	0
37	76	96	122	HoloPokemonType.POKEMON_TYPE_FIRE	HoloPokemonType.POKEMON_TYPE_NONE	0.239999995	0.100000001	0.314999998	0.629999995	0.252000004	HoloPokemonMovementType.POKEMON_ENC_MOVEMENT_JUMP	10	1	29	db01d101	83011865	6d56d53fdaac2a3f6d56d53fcdcccc3f000000000000004093a9aa3fcdcc0c40	26	HoloPokemonClass.POKEMON_CLASS_NORMAL	1	0.600000024	9.899999619	0.075000003	1.237499952	HoloPokemonFamilyId.V0037_FAMILY_VULPIX	50
38	146	169	204	HoloPokemonType.POKEMON_TYPE_FIRE	HoloPokemonType.POKEMON_TYPE_NONE	0.079999998	0.059999999	0.360000014	0.959999979	0.239999995	HoloPokemonMovementType.POKEMON_ENC_MOVEMENT_JUMP	5	1.25	14	ee01d101	2a1867	36ab2a40daac2a3f00000040000000400000000036ab0a400000004000000040		HoloPokemonClass.POKEMON_CLASS_NORMAL	1	1.100000024	19.89999962	0.137500003	2.487499952	HoloPokemonFamilyId.V0037_FAMILY_VULPIX	0
39	230	80	44	HoloPokemonType.POKEMON_TYPE_NORMAL	HoloPokemonType.POKEMON_TYPE_FAIRY	0.400000006	0.100000001	0.319999993	0.639999986	0.256000012	HoloPokemonMovementType.POKEMON_ENC_MOVEMENT_STATIC	10	3	29	de01ee01	54830158	36ab2a40daac2a3f6d56d53f36ab6a400000000036ab2a406d56d53f00000040	28	HoloPokemonClass.POKEMON_CLASS_NORMAL	1	0.5	5.5	0.0625	0.6875	HoloPokemonFamilyId.V0039_FAMILY_JIGGLYPUFF	50
40	280	156	93	HoloPokemonType.POKEMON_TYPE_NORMAL	HoloPokemonType.POKEMON_TYPE_FAIRY	0.159999996	0.059999999	0.356000006	0.889999986	0.222499996	HoloPokemonMovementType.POKEMON_ENC_MOVEMENT_JUMP	4	1.25	11	de01ee01	5.60E+60	6d56d53fdaac2a3ff90fd13f93a9ea3f0000000093a9ea3f0000004000000000		HoloPokemonClass.POKEMON_CLASS_NORMAL	1	1	12	0.125	1.5	HoloPokemonFamilyId.V0039_FAMILY_JIGGLYPUFF	0
41	80	83	76	HoloPokemonType.POKEMON_TYPE_POISON	HoloPokemonType.POKEMON_TYPE_FLYING	0.400000006	0.200000003	0.0535	0.0535	0.160500005	HoloPokemonMovementType.POKEMON_ENC_MOVEMENT_FLYING	10	1	29	db01ca01	32795a	93a9aa3fdaac2a3f93a9aa3fdaac2a3f000000000000c03f93a9aa3f00000000	2a	HoloPokemonClass.POKEMON_CLASS_NORMAL	1	0.800000012	7.5	0.100000001	0.9375	HoloPokemonFamilyId.V0041_FAMILY_ZUBAT	50
42	150	161	153	HoloPokemonType.POKEMON_TYPE_POISON	HoloPokemonType.POKEMON_TYPE_FLYING	0.159999996	0.07	0.035500001	0.035500001	0.354999989	HoloPokemonMovementType.POKEMON_ENC_MOVEMENT_FLYING	6	1	17	d201ca01	327945	0000c03fdaac2a3f93a9aa3fdaac2a3f00000000000000400000004000000000		HoloPokemonClass.POKEMON_CLASS_NORMAL	1	1.600000024	55	0.200000003	6.875	HoloPokemonFamilyId.V0041_FAMILY_ZUBAT	0
43	90	131	116	HoloPokemonType.POKEMON_TYPE_GRASS	HoloPokemonType.POKEMON_TYPE_POISON	0.479999989	0.150000006	0.202500001	0.506250024	0.202500001	HoloPokemonMovementType.POKEMON_ENC_MOVEMENT_JUMP	10	1	29	d701e101	3b5a57	d3bcbb3fdaac2a3f6d56d53f6d56d53f00000000000020406d56d53f00000000	2c	HoloPokemonClass.POKEMON_CLASS_NORMAL	1	0.5	5.400000095	0.0625	0.675000012	HoloPokemonFamilyId.V0043_FAMILY_ODDISH	25
44	120	153	139	HoloPokemonType.POKEMON_TYPE_GRASS	HoloPokemonType.POKEMON_TYPE_POISON	0.239999995	0.07	0.412499994	0.880000114	0.247500002	HoloPokemonMovementType.POKEMON_ENC_MOVEMENT_JUMP	8	1	23	d701e101	2f5a57	93a9ea3fdaac2a3f6d56d53f6d56d53f000000006d56d53f3a23a23f00000000	2d	HoloPokemonClass.POKEMON_CLASS_NORMAL	1	0.800000012	8.600000381	0.100000001	1.075000048	HoloPokemonFamilyId.V0043_FAMILY_ODDISH	100
45	150	202	170	HoloPokemonType.POKEMON_TYPE_GRASS	HoloPokemonType.POKEMON_TYPE_POISON	0.119999997	0.050000001	1.011999965	1.19599998	0.551999986	HoloPokemonMovementType.POKEMON_ENC_MOVEMENT_JUMP	11	1	4	d701e101	2f7457	36ab0a40daac2a3f6d56d53f0000c03f0000000036ab0a40a779773f00000000		HoloPokemonClass.POKEMON_CLASS_NORMAL	1	1.200000048	18.60000038	0.150000006	2.325000048	HoloPokemonFamilyId.V0043_FAMILY_ODDISH	0
46	70	121	99	HoloPokemonType.POKEMON_TYPE_BUG	HoloPokemonType.POKEMON_TYPE_GRASS	0.319999993	0.150000006	0.192000002	0.319999993	0.192000002	HoloPokemonMovementType.POKEMON_ENC_MOVEMENT_JUMP	29	1.100000024	10	dc01c901	59643b	6d56d53fdaac2a3f3a23e23ff90fd13f00000000ca54154093a9aa3f4144c43f	2f	HoloPokemonClass.POKEMON_CLASS_NORMAL	1	0.300000012	5.400000095	0.037500001	0.675000012	HoloPokemonFamilyId.V0046_FAMILY_PARAS	50
47	120	165	146	HoloPokemonType.POKEMON_TYPE_BUG	HoloPokemonType.POKEMON_TYPE_GRASS	0.159999996	0.07	0.45449999	1.00999999	0.504999995	HoloPokemonMovementType.POKEMON_ENC_MOVEMENT_JUMP	17	1.25	6	c901c801	596474	6d56d53fdaac2a3f6d56d53f93a9ea3f000000006d56d53f0000004000000000		HoloPokemonClass.POKEMON_CLASS_NORMAL	1	1	29.5	0.125	3.6875	HoloPokemonFamilyId.V0046_FAMILY_PARAS	0
48	120	100	102	HoloPokemonType.POKEMON_TYPE_BUG	HoloPokemonType.POKEMON_TYPE_POISON	0.400000006	0.150000006	0.354999989	0.709999979	0.266250014	HoloPokemonMovementType.POKEMON_ENC_MOVEMENT_JUMP	10	1.25	29	c901eb01	3.21E+65	00000040daac2a3f6d56d53f0000004000000000000000400000004000000000	31	HoloPokemonClass.POKEMON_CLASS_NORMAL	1	1	30	0.125	3.75	HoloPokemonFamilyId.V0048_FAMILY_VENONAT	50
49	140	179	150	HoloPokemonType.POKEMON_TYPE_BUG	HoloPokemonType.POKEMON_TYPE_POISON	0.159999996	0.07	0.360000014	0.720000029	0.287999988	HoloPokemonMovementType.POKEMON_ENC_MOVEMENT_FLYING	6	1	17	c901eb01	326c31	000000009a99193f6d56d53f9a99193f00000000fd870840cdcccc3f00000000		HoloPokemonClass.POKEMON_CLASS_NORMAL	1	1.5	12.5	0.1875	1.5625	HoloPokemonFamilyId.V0048_FAMILY_VENONAT	0
50	20	109	88	HoloPokemonType.POKEMON_TYPE_GROUND	HoloPokemonType.POKEMON_TYPE_NONE	0.400000006	0.100000001	0.159999996	0.400000006	0.180000007	HoloPokemonMovementType.POKEMON_ENC_MOVEMENT_STATIC	29	0	10	d801dc01	1a603f	6076b73fdaac2a3f000000400de05d3f0000000036ab0a4093a9aa3fa8aaaa3f	33	HoloPokemonClass.POKEMON_CLASS_NORMAL	1	0.200000003	0.800000012	0.025	0.100000001	HoloPokemonFamilyId.V0050_FAMILY_DIGLETT	50
51	70	167	147	HoloPokemonType.POKEMON_TYPE_GROUND	HoloPokemonType.POKEMON_TYPE_NONE	0.159999996	0.059999999	0.448000014	0.839999974	0.335999995	HoloPokemonMovementType.POKEMON_ENC_MOVEMENT_STATIC	29	0	10	cb01d801	1f6020	c6dcdd3fdaac2a3f6d56d53f6666663f00000000fd8708400000004000000000		HoloPokemonClass.POKEMON_CLASS_NORMAL	1	0.699999988	33.29999924	0.087499999	4.162499905	HoloPokemonFamilyId.V0050_FAMILY_DIGLETT	0
52	80	92	81	HoloPokemonType.POKEMON_TYPE_NORMAL	HoloPokemonType.POKEMON_TYPE_NONE	0.400000006	0.150000006	0.128000006	0.400000006	0.200000003	HoloPokemonMovementType.POKEMON_ENC_MOVEMENT_JUMP	29	1	10	dc01ca01	33108301	00000040daac2a3fc6dcdd3f0000c03f00000000000000403333b33f00000040	35	HoloPokemonClass.POKEMON_CLASS_NORMAL	1	0.400000006	4.199999809	0.050000001	0.524999976	HoloPokemonFamilyId.V0052_FAMILY_MEOWTH	50
53	130	150	139	HoloPokemonType.POKEMON_TYPE_NORMAL	HoloPokemonType.POKEMON_TYPE_NONE	0.159999996	0.07	0.328000009	0.61500001	0.164000005	HoloPokemonMovementType.POKEMON_ENC_MOVEMENT_JUMP	8	1.25	23	dc01ee01	334158	00000040daac2a3f6d56d53f93a9ea3f000000006d56d53f6d56d53f00000000		HoloPokemonClass.POKEMON_CLASS_NORMAL	1	1	32	0.125	4	HoloPokemonFamilyId.V0052_FAMILY_MEOWTH	0
54	100	122	96	HoloPokemonType.POKEMON_TYPE_WATER	HoloPokemonType.POKEMON_TYPE_NONE	0.400000006	0.100000001	0.291000009	0.606249988	0.33950001	HoloPokemonMovementType.POKEMON_ENC_MOVEMENT_JUMP	10	1	29	e601ea01	1e3a1c	93a9ea3fdaac2a3f6d56d53f0000c03f00000000666626406d56d53f00000000	37	HoloPokemonClass.POKEMON_CLASS_NORMAL	1	0.800000012	19.60000038	0.100000001	2.450000048	HoloPokemonFamilyId.V0054_FAMILY_PSYDUCK	50
55	160	191	163	HoloPokemonType.POKEMON_TYPE_WATER	HoloPokemonType.POKEMON_TYPE_NONE	0.159999996	0.059999999	0.232500002	0.813750029	0.232500002	HoloPokemonMovementType.POKEMON_ENC_MOVEMENT_JUMP	5	1	14	e601eb01	6c6b27	6d56d53fdaac2a3f6d56d53f6d56d53f00000000000000406d56d53f00000000		HoloPokemonClass.POKEMON_CLASS_NORMAL	1	1.700000048	76.59999847	0.212500006	9.574999809	HoloPokemonFamilyId.V0054_FAMILY_PSYDUCK	0
56	80	148	87	HoloPokemonType.POKEMON_TYPE_FIGHTING	HoloPokemonType.POKEMON_TYPE_NONE	0.400000006	0.100000001	0.193499997	0.644999981	0.128999993	HoloPokemonMovementType.POKEMON_ENC_MOVEMENT_JUMP	29	1	10	d001dc01	1c387b	0000c03f9a99193f93a9aa3ff90fd13f00000000d3bcfb3fc0ec6e3f00000000	39	HoloPokemonClass.POKEMON_CLASS_NORMAL	1	0.5	28	0.0625	3.5	HoloPokemonFamilyId.V0056_FAMILY_MANKEY	50
57	130	207	144	HoloPokemonType.POKEMON_TYPE_FIGHTING	HoloPokemonType.POKEMON_TYPE_NONE	0.159999996	0.059999999	0.460000008	1.103999972	0.230000004	HoloPokemonMovementType.POKEMON_ENC_MOVEMENT_JUMP	17	1	6	cf01d001	1c3833	93a9aa3fdaac2a3f0000c03f93a9aa3f000000006d56d53f93a9aa3f00000000		HoloPokemonClass.POKEMON_CLASS_NORMAL	1	1	32	0.125	4	HoloPokemonFamilyId.V0056_FAMILY_MANKEY	0
58	110	136	96	HoloPokemonType.POKEMON_TYPE_FIRE	HoloPokemonType.POKEMON_TYPE_NONE	0.239999995	0.100000001	0.233999997	0.584999979	0.175500005	HoloPokemonMovementType.POKEMON_ENC_MOVEMENT_JUMP	10	1	29	d101ca01	15830118	96210240daac2a3f6666e63f0000c03f000000009d111140cdcc4c3f6666e63f	3b	HoloPokemonClass.POKEMON_CLASS_NORMAL	1	0.699999988	19	0.087499999	2.375	HoloPokemonFamilyId.V0058_FAMILY_GROWLITHE	50
59	180	227	166	HoloPokemonType.POKEMON_TYPE_FIRE	HoloPokemonType.POKEMON_TYPE_NONE	0.079999998	0.059999999	0.370000005	0.74000001	0.333000004	HoloPokemonMovementType.POKEMON_ENC_MOVEMENT_JUMP	4	1.25	11	f001ca01	67185f	fd870840daac2a3fc6dcdd3f93a9ea3f0000000007f0ee3fc6dcdd3f00000040		HoloPokemonClass.POKEMON_CLASS_NORMAL	1	1.899999976	155	0.237499997	19.375	HoloPokemonFamilyId.V0058_FAMILY_GROWLITHE	0
60	80	101	82	HoloPokemonType.POKEMON_TYPE_WATER	HoloPokemonType.POKEMON_TYPE_NONE	0.400000006	0.150000006	0.3125	0.75	0.3125	HoloPokemonMovementType.POKEMON_ENC_MOVEMENT_JUMP	10	1	29	ed01d801	35608301	6d56d53fdaac2a3f000000400000c03f000000006d56d53f0000c03f00000000	3d	HoloPokemonClass.POKEMON_CLASS_NORMAL	1	0.600000024	12.39999962	0.075000003	1.549999952	HoloPokemonFamilyId.V0060_FAMILY_POLIWAG	25
61	130	130	130	HoloPokemonType.POKEMON_TYPE_WATER	HoloPokemonType.POKEMON_TYPE_NONE	0.200000003	0.07	0.49000001	0.882000029	0.367500007	HoloPokemonMovementType.POKEMON_ENC_MOVEMENT_JUMP	8	0.800000012	23	ed01d801	6a6035	93a9aa3fdaac2a3f36ab0a400000c03f000000000000004093a9aa3f00000000	3e	HoloPokemonClass.POKEMON_CLASS_NORMAL	1	1	20	0.125	2.5	HoloPokemonFamilyId.V0060_FAMILY_POLIWAG	100
62	180	182	187	HoloPokemonType.POKEMON_TYPE_WATER	HoloPokemonType.POKEMON_TYPE_FIGHTING	0.100000001	0.050000001	0.644999981	1.118000031	0.344000012	HoloPokemonMovementType.POKEMON_ENC_MOVEMENT_JUMP	11	1.049999952	4	ed01d801	6b3621	00000040daac2a3f6d56d53f6d56d53f0000000000000040c6dc9d3f00000000		HoloPokemonClass.POKEMON_CLASS_NORMAL	1	1.299999952	54	0.162499994	6.75	HoloPokemonFamilyId.V0060_FAMILY_POLIWAG	0
63	50	195	103	HoloPokemonType.POKEMON_TYPE_PSYCHIC	HoloPokemonType.POKEMON_TYPE_NONE	0.400000006	0.99000001	0.280000001	0.560000002	0.280000001	HoloPokemonMovementType.POKEMON_ENC_MOVEMENT_PSYCHIC	29	1	10	ea01	3c6346	00000000daac2a3f6d56d53fdaac2a3f0000000036ab0a4036ab2a4000000000	40	HoloPokemonClass.POKEMON_CLASS_NORMAL	1	0.899999976	19.5	0.112499997	2.4375	HoloPokemonFamilyId.V0063_FAMILY_ABRA	25
64	80	232	138	HoloPokemonType.POKEMON_TYPE_PSYCHIC	HoloPokemonType.POKEMON_TYPE_NONE	0.200000003	0.07	0.444999993	0.889999986	0.33375001	HoloPokemonMovementType.POKEMON_ENC_MOVEMENT_JUMP	6	1.25	17	e201eb01	1e5646	c6dcdd3fdaac2a3f6d56d53f07f0ee3f0000000066660640c6dcdd3f00000000	41	HoloPokemonClass.POKEMON_CLASS_NORMAL	1	1.299999952	56.5	0.162499994	7.0625	HoloPokemonFamilyId.V0063_FAMILY_ABRA	100
65	110	271	194	HoloPokemonType.POKEMON_TYPE_PSYCHIC	HoloPokemonType.POKEMON_TYPE_NONE	0.100000001	0.050000001	0.425000012	0.935000122	0.254999995	HoloPokemonMovementType.POKEMON_ENC_MOVEMENT_JUMP	4	1	11	e201eb01	6c5646	00000040daac2a3f6d56d53f0000c03f00000000ca5415400000204000000040		HoloPokemonClass.POKEMON_CLASS_NORMAL	1	1.5	48	0.1875	6	HoloPokemonFamilyId.V0063_FAMILY_ABRA	0
66	140	137	88	HoloPokemonType.POKEMON_TYPE_FIGHTING	HoloPokemonType.POKEMON_TYPE_NONE	0.400000006	0.100000001	0.219999999	0.550000012	0.206249997	HoloPokemonMovementType.POKEMON_ENC_MOVEMENT_JUMP	23	1	8	cf01d001	387b1c	9d111140daac2a3f00000040c6dcdd3f0000000036ab0a400000803f00000000	43	HoloPokemonClass.POKEMON_CLASS_NORMAL	1	0.800000012	19.5	0.100000001	2.4375	HoloPokemonFamilyId.V0066_FAMILY_MACHOP	25
67	160	177	130	HoloPokemonType.POKEMON_TYPE_FIGHTING	HoloPokemonType.POKEMON_TYPE_NONE	0.200000003	0.07	0.546000123	1.092000008	0.136500001	HoloPokemonMovementType.POKEMON_ENC_MOVEMENT_JUMP	14	1	5	cf01d001	367b1c	0000c03fdaac2a3f6d56d53f6d56d53f0000000036ab0a40a089883f00000000	44	HoloPokemonClass.POKEMON_CLASS_NORMAL	1	1.5	70.5	0.1875	8.8125	HoloPokemonFamilyId.V0066_FAMILY_MACHOP	100
68	180	234	162	HoloPokemonType.POKEMON_TYPE_FIGHTING	HoloPokemonType.POKEMON_TYPE_NONE	0.100000001	0.050000001	0.578499973	1.246000051	0.133499995	HoloPokemonMovementType.POKEMON_ENC_MOVEMENT_JUMP	8	1	3	e501d001	20361c	6d56d53fdaac2a3f6d56d53f6d56d53f000000006d56d53f93a9aa3fa8aaaa3f		HoloPokemonClass.POKEMON_CLASS_NORMAL	1	1.600000024	130	0.200000003	16.25	HoloPokemonFamilyId.V0066_FAMILY_MACHOP	0
69	100	139	64	HoloPokemonType.POKEMON_TYPE_GRASS	HoloPokemonType.POKEMON_TYPE_POISON	0.400000006	0.150000006	0.193499997	0.451499999	0.225749999	HoloPokemonMovementType.POKEMON_ENC_MOVEMENT_JUMP	10	1.200000048	29	d601e101	765a0d	9a99d93fdaac2a3f0000204093a9ea3f00000000000000400000004000000000	46	HoloPokemonClass.POKEMON_CLASS_NORMAL	1	0.699999988	4	0.087499999	0.5	HoloPokemonFamilyId.V0069_FAMILY_BELLSPROUT	25
70	130	172	95	HoloPokemonType.POKEMON_TYPE_GRASS	HoloPokemonType.POKEMON_TYPE_POISON	0.200000003	0.07	0.25	0.949999988	0.25	HoloPokemonMovementType.POKEMON_ENC_MOVEMENT_HOVERING	8	1	23	d701e101	765a3b	6666e63fdaac2a3f2d43c43fdaac2a3f000000009d1111400000004000000000	47	HoloPokemonClass.POKEMON_CLASS_NORMAL	1	1	6.400000095	0.125	0.800000012	HoloPokemonFamilyId.V0069_FAMILY_BELLSPROUT	100
71	160	207	138	HoloPokemonType.POKEMON_TYPE_GRASS	HoloPokemonType.POKEMON_TYPE_POISON	0.100000001	0.050000001	0.335999995	1.427999973	0.273000002	HoloPokemonMovementType.POKEMON_ENC_MOVEMENT_HOVERING	14	1	5	d701e101	755a74	00000040daac2a3f6d56d53fdaac2a3f0000000036ab0a400000004000000000		HoloPokemonClass.POKEMON_CLASS_NORMAL	1	1.700000048	15.5	0.212500006	1.9375	HoloPokemonFamilyId.V0069_FAMILY_BELLSPROUT	0
72	80	97	182	HoloPokemonType.POKEMON_TYPE_WATER	HoloPokemonType.POKEMON_TYPE_POISON	0.400000006	0.150000006	0.209999993	0.918749928	0.157499999	HoloPokemonMovementType.POKEMON_ENC_MOVEMENT_HOVERING	23	1	8	ed01ec01	35690d	36ab2a40daac2a3f6d56d53fdaac2a3f00000000333313400000004000000000	49	HoloPokemonClass.POKEMON_CLASS_NORMAL	1	0.899999976	45.5	0.112499997	5.6875	HoloPokemonFamilyId.V0072_FAMILY_TENTACOOL	50
73	160	166	237	HoloPokemonType.POKEMON_TYPE_WATER	HoloPokemonType.POKEMON_TYPE_POISON	0.159999996	0.07	0.492000014	1.230000019	0.246000007	HoloPokemonMovementType.POKEMON_ENC_MOVEMENT_HOVERING	11	1	4	e101e001	6b5b28	36ab0a40daac2a3f93a9aa3fdaac2a3f000000000000004036ab2a4000000040		HoloPokemonClass.POKEMON_CLASS_NORMAL	1	1.600000024	55	0.200000003	6.875	HoloPokemonFamilyId.V0072_FAMILY_TENTACOOL	0
74	80	132	163	HoloPokemonType.POKEMON_TYPE_ROCK	HoloPokemonType.POKEMON_TYPE_GROUND	0.400000006	0.100000001	0.391499996	0.130500004	0.195749998	HoloPokemonMovementType.POKEMON_ENC_MOVEMENT_HOVERING	8	1	23	e301dd01	403f1a	ca541540daac2a3f6d56d53fdaac2a3f00000000000000406d56d53f00000000	4b	HoloPokemonClass.POKEMON_CLASS_NORMAL	1	0.400000006	20	0.050000001	2.5	HoloPokemonFamilyId.V0074_FAMILY_GEODUDE	25
75	110	164	196	HoloPokemonType.POKEMON_TYPE_ROCK	HoloPokemonType.POKEMON_TYPE_GROUND	0.200000003	0.07	0.492000014	0.697000027	0.368999988	HoloPokemonMovementType.POKEMON_ENC_MOVEMENT_JUMP	14	1.200000048	5	e301d801	1a2040	ca541540daac2a3f07f0ee3f93a9ea3f00000000000000406d56d53f00000000	4c	HoloPokemonClass.POKEMON_CLASS_NORMAL	1	1	105	0.125	13.125	HoloPokemonFamilyId.V0074_FAMILY_GEODUDE	100
76	160	211	229	HoloPokemonType.POKEMON_TYPE_ROCK	HoloPokemonType.POKEMON_TYPE_GROUND	0.100000001	0.050000001	0.629999995	1.092000008	0.314999998	HoloPokemonMovementType.POKEMON_ENC_MOVEMENT_JUMP	8	1.200000048	3	e301d801	203e1f	36ab2a40daac2a3f00000040000000400000000036ab0a400000004000000000		HoloPokemonClass.POKEMON_CLASS_NORMAL	1	1.399999976	300	0.174999997	37.5	HoloPokemonFamilyId.V0074_FAMILY_GEODUDE	0
77	100	170	132	HoloPokemonType.POKEMON_TYPE_FIRE	HoloPokemonType.POKEMON_TYPE_NONE	0.319999993	0.100000001	0.252499998	0.631250024	0.202000007	HoloPokemonMovementType.POKEMON_ENC_MOVEMENT_JUMP	8	0.949999988	23	dd01d101	651567	ca541540daac2a3f6d56d53f0000c03faaaaaa40ca5415406d56d53f00000000	4e	HoloPokemonClass.POKEMON_CLASS_NORMAL	1	1	30	0.125	3.75	HoloPokemonFamilyId.V0077_FAMILY_PONYTA	50
78	130	207	167	HoloPokemonType.POKEMON_TYPE_FIRE	HoloPokemonType.POKEMON_TYPE_NONE	0.119999997	0.059999999	0.324000001	0.890999973	0.243000001	HoloPokemonMovementType.POKEMON_ENC_MOVEMENT_JUMP	6	1	17	cf01d101	672e2a	d04404402653553fca54154007f0ee3f0000000036ab0a4036ab2a4000000000		HoloPokemonClass.POKEMON_CLASS_NORMAL	1	1.700000048	95	0.212500006	11.875	HoloPokemonFamilyId.V0077_FAMILY_PONYTA	0
79	180	109	109	HoloPokemonType.POKEMON_TYPE_WATER	HoloPokemonType.POKEMON_TYPE_PSYCHIC	0.400000006	0.100000001	0.316000015	0.513499975	0.296249986	HoloPokemonMovementType.POKEMON_ENC_MOVEMENT_JUMP	8	1	23	e601eb01	693c6c	00004040daac2a3f000000406d56d53f00000000000000406d56d53f00000000	50	HoloPokemonClass.POKEMON_CLASS_NORMAL	1	1.200000048	36	0.150000006	4.5	HoloPokemonFamilyId.V0079_FAMILY_SLOWPOKE	50
80	190	177	194	HoloPokemonType.POKEMON_TYPE_WATER	HoloPokemonType.POKEMON_TYPE_PSYCHIC	0.159999996	0.059999999	0.425000012	0.850000024	0.254999995	HoloPokemonMovementType.POKEMON_ENC_MOVEMENT_JUMP	3	1	8	e601eb01	696c27	ca541540daac2a3f6d56d53f666606400000000093a9ea3f0000004000004040		HoloPokemonClass.POKEMON_CLASS_NORMAL	1	1.600000024	78.5	0.200000003	9.8125	HoloPokemonFamilyId.V0079_FAMILY_SLOWPOKE	0
81	50	165	128	HoloPokemonType.POKEMON_TYPE_ELECTRIC	HoloPokemonType.POKEMON_TYPE_STEEL	0.400000006	0.100000001	0.456	0.456	0.228	HoloPokemonMovementType.POKEMON_ENC_MOVEMENT_ELECTRIC	8	1	23	ce01cd01	23484f	93a9aa3fdaac2a3fc6dc9d3fdaac2a3f00000000000000406d56953f5855953f	52	HoloPokemonClass.POKEMON_CLASS_NORMAL	1	0.300000012	6	0.037500001	0.75	HoloPokemonFamilyId.V0081_FAMILY_MAGNEMITE	50
82	100	223	182	HoloPokemonType.POKEMON_TYPE_ELECTRIC	HoloPokemonType.POKEMON_TYPE_STEEL	0.159999996	0.059999999	0.439999998	0.824999988	0.219999999	HoloPokemonMovementType.POKEMON_ENC_MOVEMENT_ELECTRIC	5	1	14	ce01cd01	234824	0000c03fdaac2a3f93a9aa3fdaac2a3f0000000093a9ea3f0000004000000000		HoloPokemonClass.POKEMON_CLASS_NORMAL	1	1	60	0.125	7.5	HoloPokemonFamilyId.V0081_FAMILY_MAGNEMITE	0
83	104	124	118	HoloPokemonType.POKEMON_TYPE_NORMAL	HoloPokemonType.POKEMON_TYPE_FLYING	0.239999995	0.090000004	0.282499999	0.423750013	0.282499999	HoloPokemonMovementType.POKEMON_ENC_MOVEMENT_JUMP	29	1.25	10	df01c801	2d7975	6d56d53fdaac2a3f6d56d53f93a9ea3f0000000093a9ea3fcdcccc3f00000000		HoloPokemonClass.POKEMON_CLASS_NORMAL	1	0.800000012	15	0.100000001	1.875	HoloPokemonFamilyId.V0083_FAMILY_FARFETCHD	0
84	70	158	88	HoloPokemonType.POKEMON_TYPE_NORMAL	HoloPokemonType.POKEMON_TYPE_FLYING	0.400000006	0.100000001	0.351999998	1.231999993	0.197999999	HoloPokemonMovementType.POKEMON_ENC_MOVEMENT_JUMP	10	1	29	d301db01	262d7d	00000040daac2a3f6d56d53f0000c03f00000000000000402d43c43f00000000	55	HoloPokemonClass.POKEMON_CLASS_NORMAL	1	1.399999976	39.20000076	0.174999997	4.900000095	HoloPokemonFamilyId.V0084_FAMILY_DODUO	50
85	120	218	145	HoloPokemonType.POKEMON_TYPE_NORMAL	HoloPokemonType.POKEMON_TYPE_FLYING	0.159999996	0.059999999	0.389999986	1.286999941	0.257400006	HoloPokemonMovementType.POKEMON_ENC_MOVEMENT_JUMP	6	1.25	17	ee01ef01	262d79	93a9aa3fdaac2a3f6d56d53f0000004000000000000000400000004000000000		HoloPokemonClass.POKEMON_CLASS_NORMAL	1	1.799999952	85.19999695	0.224999994	10.64999962	HoloPokemonFamilyId.V0084_FAMILY_DODUO	0
86	130	85	128	HoloPokemonType.POKEMON_TYPE_WATER	HoloPokemonType.POKEMON_TYPE_NONE	0.400000006	0.090000004	0.275000006	0.412499994	0.219999999	HoloPokemonMovementType.POKEMON_ENC_MOVEMENT_JUMP	10	0.899999976	29	d901e601	396f3a	36ab2a40daac2a3f93a9ea3f6d56d53f00000000000000400000004000000000	57	HoloPokemonClass.POKEMON_CLASS_NORMAL	1	1.100000024	90	0.137500003	11.25	HoloPokemonFamilyId.V0086_FAMILY_SEEL	50
87	180	139	184	HoloPokemonType.POKEMON_TYPE_WATER	HoloPokemonType.POKEMON_TYPE_ICE	0.159999996	0.059999999	0.314999998	0.629999995	0.131249994	HoloPokemonMovementType.POKEMON_ENC_MOVEMENT_HOVERING	5	1	14	da01d901	6f3928	d04404402653553f6d56d53fdaac2a3f00000000ca5415400000004000000000		HoloPokemonClass.POKEMON_CLASS_NORMAL	1	1.700000048	120	0.212500006	15	HoloPokemonFamilyId.V0086_FAMILY_SEEL	0
88	160	135	90	HoloPokemonType.POKEMON_TYPE_POISON	HoloPokemonType.POKEMON_TYPE_NONE	0.400000006	0.100000001	0.49000001	0.833000124	0.294	HoloPokemonMovementType.POKEMON_ENC_MOVEMENT_JUMP	23	1	8	e101e901	12605a	6d56d53fdaac2a3f6d56d53f6d56d53f000020416d56d53f36ab2a4000000000	59	HoloPokemonClass.POKEMON_CLASS_NORMAL	1	0.899999976	30	0.112499997	3.75	HoloPokemonFamilyId.V0088_FAMILY_GRIMER	50
89	210	190	184	HoloPokemonType.POKEMON_TYPE_POISON	HoloPokemonType.POKEMON_TYPE_NONE	0.159999996	0.059999999	0.75999999	0.569999993	0.379999995	HoloPokemonMovementType.POKEMON_ENC_MOVEMENT_JUMP	8	1.25	3	e101e001	105c5b	000000400000803f6d56d53f36ab0a40000020410000004036ab2a4000000000		HoloPokemonClass.POKEMON_CLASS_NORMAL	1	1.200000048	30	0.150000006	3.75	HoloPokemonFamilyId.V0088_FAMILY_GRIMER	0
90	60	116	168	HoloPokemonType.POKEMON_TYPE_WATER	HoloPokemonType.POKEMON_TYPE_NONE	0.400000006	0.100000001	0.335999995	0.504000008	0.294	HoloPokemonMovementType.POKEMON_ENC_MOVEMENT_JUMP	23	1.200000048	8	d901dd01	35696f	00000040daac2a3f6d56d53f6d56d53f000000006d56d53f36ab2a4000000000	5b	HoloPokemonClass.POKEMON_CLASS_NORMAL	1	0.300000012	4	0.037500001	0.5	HoloPokemonFamilyId.V0090_FAMILY_SHELLDER	50
91	100	186	323	HoloPokemonType.POKEMON_TYPE_WATER	HoloPokemonType.POKEMON_TYPE_ICE	0.159999996	0.059999999	0.419999987	1.049999952	0.545999885	HoloPokemonMovementType.POKEMON_ENC_MOVEMENT_HOVERING	3	1	8	da01d901	6f6b28	30bb1b40daac2a3fc6dcdd3fdaac2a3f00000000ca541540d3bcfb3f33337340		HoloPokemonClass.POKEMON_CLASS_NORMAL	1	1.5	132.5	0.1875	16.5625	HoloPokemonFamilyId.V0090_FAMILY_SHELLDER	0
92	60	186	70	HoloPokemonType.POKEMON_TYPE_GHOST	HoloPokemonType.POKEMON_TYPE_POISON	0.319999993	0.100000001	0.25	0.600000024	0.300000012	HoloPokemonMovementType.POKEMON_ENC_MOVEMENT_PSYCHIC	29	1	10	d401cb01	45105a	00000000daac2a3f6d56d53f0000803f00000000fd870840fd87084000000000	5d	HoloPokemonClass.POKEMON_CLASS_NORMAL	1	1.299999952	0.100000001	0.162499994	0.0125	HoloPokemonFamilyId.V0092_FAMILY_GASTLY	25
93	90	223	112	HoloPokemonType.POKEMON_TYPE_GHOST	HoloPokemonType.POKEMON_TYPE_POISON	0.159999996	0.07	0.442000002	1.156000018	0.442000002	HoloPokemonMovementType.POKEMON_ENC_MOVEMENT_PSYCHIC	23	1	8	d501d401	46105a	36ab0a40daac2a3f6d56d53fdaac2a3f00000000ca5415400000004000000000	5e	HoloPokemonClass.POKEMON_CLASS_NORMAL	1	1.600000024	0.100000001	0.200000003	0.0125	HoloPokemonFamilyId.V0092_FAMILY_GASTLY	100
94	120	261	156	HoloPokemonType.POKEMON_TYPE_GHOST	HoloPokemonType.POKEMON_TYPE_POISON	0.079999998	0.050000001	0.462000012	1.092000008	0.504000008	HoloPokemonMovementType.POKEMON_ENC_MOVEMENT_JUMP	14	1.299999952	5	cb01d501	46105b	6d56d53fdaac2a3f6d56d53f93a9ea3f000000006d56d53f93a9aa3f5855d53f		HoloPokemonClass.POKEMON_CLASS_NORMAL	1	1.5	40.5	0.1875	5.0625	HoloPokemonFamilyId.V0092_FAMILY_GASTLY	0
95	70	85	288	HoloPokemonType.POKEMON_TYPE_ROCK	HoloPokemonType.POKEMON_TYPE_GROUND	0.159999996	0.090000004	0.657999992	1.174999952	0.375999987	HoloPokemonMovementType.POKEMON_ENC_MOVEMENT_JUMP	17	1	6	e301dd01	40204a	ca541540daac2a3fc6dcdd3fc6dcdd3f00000000ca5415409621024000000000		HoloPokemonClass.POKEMON_CLASS_NORMAL	1	8.800000191	210	1.100000024	26.25	HoloPokemonFamilyId.V0095_FAMILY_ONIX	0
96	120	89	158	HoloPokemonType.POKEMON_TYPE_PSYCHIC	HoloPokemonType.POKEMON_TYPE_NONE	0.400000006	0.100000001	0.367500007	0.629999995	0.262499988	HoloPokemonMovementType.POKEMON_ENC_MOVEMENT_JUMP	8	1.25	23	de01eb01	1e3c6c	93a9ea3fdaac2a3f6d56d53f3a23e23f0000000000000040ca54154000000000	61	HoloPokemonClass.POKEMON_CLASS_NORMAL	1	1	32.40000153	0.125	4.050000191	HoloPokemonFamilyId.V0096_FAMILY_DROWZEE	50
97	170	144	215	HoloPokemonType.POKEMON_TYPE_PSYCHIC	HoloPokemonType.POKEMON_TYPE_NONE	0.159999996	0.059999999	0.331999987	0.829999983	0.331999987	HoloPokemonMovementType.POKEMON_ENC_MOVEMENT_JUMP	11	0.800000012	4	ea01eb01	3c6c46	07f0ee3fdaac2a3f000000406076b73f0000000036ab2a40cdcccc3f00000000		HoloPokemonClass.POKEMON_CLASS_NORMAL	1	1.600000024	75.59999847	0.200000003	9.449999809	HoloPokemonFamilyId.V0096_FAMILY_DROWZEE	0
98	60	181	156	HoloPokemonType.POKEMON_TYPE_WATER	HoloPokemonType.POKEMON_TYPE_NONE	0.400000006	0.150000006	0.522000015	0.870000005	0.261000007	HoloPokemonMovementType.POKEMON_ENC_MOVEMENT_JUMP	23	1	8	ed01d801	143569	6076b73fdaac2a3f6d56d53f0000c03f00000000ca54154093a9aa3f00000000	63	HoloPokemonClass.POKEMON_CLASS_NORMAL	1	0.400000006	6.5	0.050000001	0.8125	HoloPokemonFamilyId.V0098_FAMILY_KRABBY	50
99	110	240	214	HoloPokemonType.POKEMON_TYPE_WATER	HoloPokemonType.POKEMON_TYPE_NONE	0.159999996	0.07	0.652499974	1.000499964	0.326249987	HoloPokemonMovementType.POKEMON_ENC_MOVEMENT_JUMP	8	0.800000012	3	e401d801	146469	9d111140daac2a3f6666e63fa089c83f00000000000000402d43c43f00000000		HoloPokemonClass.POKEMON_CLASS_NORMAL	1	1.299999952	60	0.162499994	7.5	HoloPokemonFamilyId.V0098_FAMILY_KRABBY	0
100	80	109	114	HoloPokemonType.POKEMON_TYPE_ELECTRIC	HoloPokemonType.POKEMON_TYPE_NONE	0.400000006	0.100000001	0.337500006	0.675000012	0.168750003	HoloPokemonMovementType.POKEMON_ENC_MOVEMENT_JUMP	10	1.200000048	29	ce01dd01	234f63	36ab2a40daac2a3f6d56d53f93a9ea3f00000000ca5415400000004000000040	65	HoloPokemonClass.POKEMON_CLASS_NORMAL	1	0.5	10.39999962	0.0625	1.299999952	HoloPokemonFamilyId.V0100_FAMILY_VOLTORB	50
101	120	173	179	HoloPokemonType.POKEMON_TYPE_ELECTRIC	HoloPokemonType.POKEMON_TYPE_NONE	0.159999996	0.059999999	0.551999986	1.103999972	0.275999993	HoloPokemonMovementType.POKEMON_ENC_MOVEMENT_JUMP	8	1.200000048	23	ce01dd01	234f0e	ca541540daac2a3f6d56d53f93a9ea3f00000000ca5415400000404000000000		HoloPokemonClass.POKEMON_CLASS_NORMAL	1	1.200000048	66.59999847	0.150000006	8.324999809	HoloPokemonFamilyId.V0100_FAMILY_VOLTORB	0
102	120	107	140	HoloPokemonType.POKEMON_TYPE_GRASS	HoloPokemonType.POKEMON_TYPE_PSYCHIC	0.400000006	0.100000001	0.514999986	0.412	0.257499993	HoloPokemonMovementType.POKEMON_ENC_MOVEMENT_JUMP	8	1	23	eb01	3b6c3e	00002040daac2a3f6d56d53f6d56d53f00000000000000400000004000000000	67	HoloPokemonClass.POKEMON_CLASS_NORMAL	1	0.400000006	2.5	0.050000001	0.3125	HoloPokemonFamilyId.V0102_FAMILY_EXEGGCUTE	50
103	190	233	158	HoloPokemonType.POKEMON_TYPE_GRASS	HoloPokemonType.POKEMON_TYPE_PSYCHIC	0.159999996	0.059999999	0.507000029	1.36500001	0.253500015	HoloPokemonMovementType.POKEMON_ENC_MOVEMENT_JUMP	8	1	3	eb01ea01	3b6c74	6ade1d40daac2a3f6d56d53f0000004000000000cdcc0c40cdcccc3f00000000		HoloPokemonClass.POKEMON_CLASS_NORMAL	1	2	120	0.25	15	HoloPokemonFamilyId.V0102_FAMILY_EXEGGCUTE	0
104	100	90	165	HoloPokemonType.POKEMON_TYPE_GROUND	HoloPokemonType.POKEMON_TYPE_NONE	0.319999993	0.100000001	0.222000003	0.370000005	0.222000003	HoloPokemonMovementType.POKEMON_ENC_MOVEMENT_JUMP	8	1	23	e901f101	5e1a5f	c6dcdd3fdaac2a3fcdcccc3fcdcccc3f0000000093a9ea3fcdcccc3f00000000	69	HoloPokemonClass.POKEMON_CLASS_NORMAL	1	0.400000006	6.5	0.050000001	0.8125	HoloPokemonFamilyId.V0104_FAMILY_CUBONE	50
105	120	144	200	HoloPokemonType.POKEMON_TYPE_GROUND	HoloPokemonType.POKEMON_TYPE_NONE	0.119999997	0.059999999	0.25	0.75	0.25	HoloPokemonMovementType.POKEMON_ENC_MOVEMENT_JUMP	14	0.850000024	5	e901f101	5e1a1f	00000040daac2a3f6d56d53f0000c03f00000000000000403333b33f00000000		HoloPokemonClass.POKEMON_CLASS_NORMAL	1	1	45	0.125	5.625	HoloPokemonFamilyId.V0104_FAMILY_CUBONE	0
106	100	224	211	HoloPokemonType.POKEMON_TYPE_FIGHTING	HoloPokemonType.POKEMON_TYPE_NONE	0.159999996	0.090000004	0.414999992	1.245000005	0.207499996	HoloPokemonMovementType.POKEMON_ENC_MOVEMENT_JUMP	11	0.800000012	4	cf01f101	7f3820	6d56d53fdaac2a3f6d56d53f0000c03f0000000000000040c0ec6e3f00000000		HoloPokemonClass.POKEMON_CLASS_NORMAL	1	1.5	49.79999924	0.1875	6.224999905	HoloPokemonFamilyId.V0106_FAMILY_HITMONLEE	0
107	100	193	212	HoloPokemonType.POKEMON_TYPE_FIGHTING	HoloPokemonType.POKEMON_TYPE_NONE	0.159999996	0.090000004	0.331499994	1.019999981	0.254999995	HoloPokemonMovementType.POKEMON_ENC_MOVEMENT_JUMP	14	1.100000024	5	e501f101	73214d7b	0000c03fdaac2a3f6d56d53f6d56d53f00000000c6dcdd3fdaac2a3f00000000		HoloPokemonClass.POKEMON_CLASS_NORMAL	1	1.399999976	50.20000076	0.174999997	6.275000095	HoloPokemonFamilyId.V0107_FAMILY_HITMONCHAN	0
108	180	108	137	HoloPokemonType.POKEMON_TYPE_NORMAL	HoloPokemonType.POKEMON_TYPE_NONE	0.159999996	0.090000004	0.460000008	0.920000017	0.252999991	HoloPokemonMovementType.POKEMON_ENC_MOVEMENT_JUMP	23	1.25	8	d401ea01	0e7f76	6d56d53fdaac2a3f6d56d53fc6dcdd3f0000000000000040cdcc4c3f00000000		HoloPokemonClass.POKEMON_CLASS_NORMAL	1	1.200000048	65.5	0.150000006	8.1875	HoloPokemonFamilyId.V0108_FAMILY_LICKITUNG	0
109	80	119	164	HoloPokemonType.POKEMON_TYPE_POISON	HoloPokemonType.POKEMON_TYPE_NONE	0.400000006	0.100000001	0.360000014	0.660000026	0.600000024	HoloPokemonMovementType.POKEMON_ENC_MOVEMENT_FLYING	8	1	23	e101dd01	125a10	93a9aa3fdaac2a3f0000c03fdaac2a3f5655d540000000400000004000000000	6e	HoloPokemonClass.POKEMON_CLASS_NORMAL	1	0.600000024	1	0.075000003	0.125	HoloPokemonFamilyId.V0109_FAMILY_KOFFING	50
110	130	174	221	HoloPokemonType.POKEMON_TYPE_POISON	HoloPokemonType.POKEMON_TYPE_NONE	0.159999996	0.059999999	0.681999981	0.744000018	0.465000004	HoloPokemonMovementType.POKEMON_ENC_MOVEMENT_FLYING	4	1	11	e101dd01	5a4610	00000040daac2a3f6d56d53fdaac2a3f545555406ade1d4036ab2a4000000000		HoloPokemonClass.POKEMON_CLASS_NORMAL	1	1.200000048	9.5	0.150000006	1.1875	HoloPokemonFamilyId.V0109_FAMILY_KOFFING	0
111	160	140	157	HoloPokemonType.POKEMON_TYPE_GROUND	HoloPokemonType.POKEMON_TYPE_ROCK	0.400000006	0.100000001	0.5	0.850000024	0.300000012	HoloPokemonMovementType.POKEMON_ENC_MOVEMENT_JUMP	14	1.25	5	e901f101	5f7e7f	3a23e23f0000803f0000c03f93a9ea3f0000000036ab2a409a99194000000000	70	HoloPokemonClass.POKEMON_CLASS_NORMAL	1	1	115	0.125	14.375	HoloPokemonFamilyId.V0111_FAMILY_RHYHORN	50
112	210	222	206	HoloPokemonType.POKEMON_TYPE_GROUND	HoloPokemonType.POKEMON_TYPE_ROCK	0.159999996	0.059999999	0.592499971	1.184999943	0.395000011	HoloPokemonMovementType.POKEMON_ENC_MOVEMENT_JUMP	8	1	3	e901f101	161f20	9a99d93fdaac2a3f666606409a99d93f0000000000000040cdcccc3f00000000		HoloPokemonClass.POKEMON_CLASS_NORMAL	1	1.899999976	120	0.237499997	15	HoloPokemonFamilyId.V0111_FAMILY_RHYHORN	0
113	500	60	176	HoloPokemonType.POKEMON_TYPE_NORMAL	HoloPokemonType.POKEMON_TYPE_NONE	0.159999996	0.090000004	0.479999989	1.055999994	0.239999995	HoloPokemonMovementType.POKEMON_ENC_MOVEMENT_JUMP	3	1	8	de01ea01	6c1e56	36ab0a40daac2a3f00000040a089c83f0000000036ab0a40c6dcdd3f5855d53f		HoloPokemonClass.POKEMON_CLASS_NORMAL	1	1.100000024	34.59999847	0.137500003	4.324999809	HoloPokemonFamilyId.V0113_FAMILY_CHANSEY	0
114	130	183	205	HoloPokemonType.POKEMON_TYPE_GRASS	HoloPokemonType.POKEMON_TYPE_NONE	0.319999993	0.090000004	0.5	0.899999976	0.36500001	HoloPokemonMovementType.POKEMON_ENC_MOVEMENT_JUMP	4	1.25	11	d601	765a74	00000040daac2a3f93a9ea3f93a9ea3f000000000000204007f0ee3f00000000		HoloPokemonClass.POKEMON_CLASS_NORMAL	1	1	35	0.125	4.375	HoloPokemonFamilyId.V0114_FAMILY_TANGELA	0
115	210	181	165	HoloPokemonType.POKEMON_TYPE_NORMAL	HoloPokemonType.POKEMON_TYPE_NONE	0.159999996	0.090000004	0.504000008	1.25999999	0.360000014	HoloPokemonMovementType.POKEMON_ENC_MOVEMENT_JUMP	11	0.699999988	4	e901cf01	7b1f7f	fd870840daac2a3f6d56d53f0000c03f00000000ca541540ca54154054551540		HoloPokemonClass.POKEMON_CLASS_NORMAL	1	2.200000048	80	0.275000006	10	HoloPokemonFamilyId.V0115_FAMILY_KANGASKHAN	0
116	60	129	125	HoloPokemonType.POKEMON_TYPE_WATER	HoloPokemonType.POKEMON_TYPE_NONE	0.400000006	0.100000001	0.148000002	0.444000006	0.185000002	HoloPokemonMovementType.POKEMON_ENC_MOVEMENT_HOVERING	10	1	29	e601ed01	355224	00000000daac2a3fc6dcdd3f2653553f9faaaa3e6d56d53f0000004000000000	75	HoloPokemonClass.POKEMON_CLASS_NORMAL	1	0.400000006	8	0.050000001	1	HoloPokemonFamilyId.V0116_FAMILY_HORSEA	50
117	110	187	182	HoloPokemonType.POKEMON_TYPE_WATER	HoloPokemonType.POKEMON_TYPE_NONE	0.159999996	0.059999999	0.321999997	0.460000008	0.414000005	HoloPokemonMovementType.POKEMON_ENC_MOVEMENT_HOVERING	6	1	17	e601cc01	28526b	00000000daac2a3f6d56d53fdaac2a3f0000000093a9ea3f0000004000000000		HoloPokemonClass.POKEMON_CLASS_NORMAL	1	1.200000048	25	0.150000006	3.125	HoloPokemonFamilyId.V0116_FAMILY_HORSEA	0
118	90	123	115	HoloPokemonType.POKEMON_TYPE_WATER	HoloPokemonType.POKEMON_TYPE_NONE	0.400000006	0.150000006	0.135000005	0.168750003	0.168750003	HoloPokemonMovementType.POKEMON_ENC_MOVEMENT_HOVERING	10	1	29	d301d801	697e3a	000040400000803f6d56d53fdaac2a3f0000000036ab0a403333134000000000	77	HoloPokemonClass.POKEMON_CLASS_NORMAL	1	0.600000024	15	0.075000003	1.875	HoloPokemonFamilyId.V0118_FAMILY_GOLDEEN	50
119	160	175	154	HoloPokemonType.POKEMON_TYPE_WATER	HoloPokemonType.POKEMON_TYPE_NONE	0.159999996	0.07	0.044	0.044	0.241999999	HoloPokemonMovementType.POKEMON_ENC_MOVEMENT_HOVERING	14	1	5	d301e001	6f2e16	00006040daac2a3f6d56d53f2653553f000000006d56d53f0000004000000000		HoloPokemonClass.POKEMON_CLASS_NORMAL	1	1.299999952	39	0.162499994	4.875	HoloPokemonFamilyId.V0118_FAMILY_GOLDEEN	0
120	60	137	112	HoloPokemonType.POKEMON_TYPE_WATER	HoloPokemonType.POKEMON_TYPE_NONE	0.400000006	0.150000006	0.412499994	0.880000114	0.206249997	HoloPokemonMovementType.POKEMON_ENC_MOVEMENT_JUMP	10	1.350000024	29	db01e601	7d3541	93a9aa3fdaac2a3f6d56d53f93a9ea3f000000006d56d53f0000004000000040	79	HoloPokemonClass.POKEMON_CLASS_NORMAL	1	0.800000012	34.5	0.100000001	4.3125	HoloPokemonFamilyId.V0120_FAMILY_STARYU	50
121	120	210	184	HoloPokemonType.POKEMON_TYPE_WATER	HoloPokemonType.POKEMON_TYPE_PSYCHIC	0.159999996	0.059999999	0.485000014	1.067000031	0.242500007	HoloPokemonMovementType.POKEMON_ENC_MOVEMENT_JUMP	6	1.600000024	17	db01e601	6b411e	c6dcdd3fdaac2a3f07f0ee3f666606400000000036ab2a403333f33f66660640		HoloPokemonClass.POKEMON_CLASS_NORMAL	1	1.100000024	80	0.137500003	10	HoloPokemonFamilyId.V0120_FAMILY_STARYU	0
122	80	192	233	HoloPokemonType.POKEMON_TYPE_PSYCHIC	HoloPokemonType.POKEMON_TYPE_FAIRY	0.239999995	0.090000004	0.26699999	0.667500019	0.26699999	HoloPokemonMovementType.POKEMON_ENC_MOVEMENT_JUMP	5	1	14	eb01ea01	1e6c46	36ab2a402653553f93a9ea3f0000004000000000000000409621224000000000		HoloPokemonClass.POKEMON_CLASS_NORMAL	1	1.299999952	54.5	0.162499994	6.8125	HoloPokemonFamilyId.V0122_FAMILY_MR_MIME	0
123	140	218	170	HoloPokemonType.POKEMON_TYPE_BUG	HoloPokemonType.POKEMON_TYPE_FLYING	0.239999995	0.090000004	0.400000006	1	0.200000003	HoloPokemonMovementType.POKEMON_ENC_MOVEMENT_FLYING	14	1	5	c801ef01	336431	c6dcdd3fdaac2a3f6d56d53fdaac2a3f00000000000000400000004000000000		HoloPokemonClass.POKEMON_CLASS_NORMAL	1	1.5	56	0.1875	7	HoloPokemonFamilyId.V0123_FAMILY_SCYTHER	0
124	130	223	182	HoloPokemonType.POKEMON_TYPE_ICE	HoloPokemonType.POKEMON_TYPE_PSYCHIC	0.239999995	0.090000004	0.435000002	0.870000005	0.522000015	HoloPokemonMovementType.POKEMON_ENC_MOVEMENT_JUMP	4	1.25	11	da01de01	55213c	9d111140daac2a3f6d56d53f3a23e23f0000000007f0ee3f0000004000000000		HoloPokemonClass.POKEMON_CLASS_NORMAL	1	1.399999976	40.59999847	0.174999997	5.074999809	HoloPokemonFamilyId.V0124_FAMILY_JYNX	0
125	130	198	173	HoloPokemonType.POKEMON_TYPE_ELECTRIC	HoloPokemonType.POKEMON_TYPE_NONE	0.239999995	0.090000004	0.39199999	0.735000014	0.281749994	HoloPokemonMovementType.POKEMON_ENC_MOVEMENT_JUMP	6	1	17	cd01cf01	4d4f4e	0000c03fdaac2a3f0000c03f0000c03f000000006d56d53f93a9aa3f00000000		HoloPokemonClass.POKEMON_CLASS_NORMAL	1	1.100000024	30	0.137500003	3.75	HoloPokemonFamilyId.V0125_FAMILY_ELECTABUZZ	0
126	130	206	169	HoloPokemonType.POKEMON_TYPE_FIRE	HoloPokemonType.POKEMON_TYPE_NONE	0.239999995	0.090000004	0.439999998	0.879999995	0.330000013	HoloPokemonMovementType.POKEMON_ENC_MOVEMENT_JUMP	14	1.25	5	d101d001	677318	6d56d53fdaac2a3f6d56d53f93a9ea3f00000041000000400000004000000000		HoloPokemonClass.POKEMON_CLASS_NORMAL	1	1.299999952	44.5	0.162499994	5.5625	HoloPokemonFamilyId.V0126_FAMILY_MAGMAR	0
127	130	238	197	HoloPokemonType.POKEMON_TYPE_BUG	HoloPokemonType.POKEMON_TYPE_NONE	0.239999995	0.090000004	0.34799999	0.870000005	0.34799999	HoloPokemonMovementType.POKEMON_ENC_MOVEMENT_JUMP	8	1.25	3	f101c801	146436	00000040daac2a3f6d56d53f93a9ea3f000000000000004093a9aa3f00000000		HoloPokemonClass.POKEMON_CLASS_NORMAL	1	1.5	55	0.1875	6.875	HoloPokemonFamilyId.V0127_FAMILY_PINSIR	0
128	150	198	197	HoloPokemonType.POKEMON_TYPE_NORMAL	HoloPokemonType.POKEMON_TYPE_NONE	0.239999995	0.090000004	0.435000002	1.196249962	0.287099987	HoloPokemonMovementType.POKEMON_ENC_MOVEMENT_JUMP	4	1.200000048	11	dd01ea01	7e4a1f	ca541540daac2a3f6d56d53f00000040000000006d56d53fcdcccc3f00000000		HoloPokemonClass.POKEMON_CLASS_NORMAL	1	1.399999976	88.40000153	0.174999997	11.05000019	HoloPokemonFamilyId.V0128_FAMILY_TAUROS	0
129	40	29	102	HoloPokemonType.POKEMON_TYPE_WATER	HoloPokemonType.POKEMON_TYPE_NONE	0.560000002	0.150000006	0.267500013	0.4815	0.32100001	HoloPokemonMovementType.POKEMON_ENC_MOVEMENT_JUMP	3600	1.299999952	3600	e701	8501	93a9aa3fdaac2a3f000000000000c03f00000000000000000000803f00000000	8201	HoloPokemonClass.POKEMON_CLASS_NORMAL	1	0.899999976	10	0.112499997	1.25	HoloPokemonFamilyId.V0129_FAMILY_MAGIKARP	400
130	190	237	197	HoloPokemonType.POKEMON_TYPE_WATER	HoloPokemonType.POKEMON_TYPE_FLYING	0.079999998	0.07	0.239999995	0.479999989	0.360000014	HoloPokemonMovementType.POKEMON_ENC_MOVEMENT_HOVERING	8	1	3	cc01ca01	6b5052	00000040daac2a3f0000c03fdaac2a3f00000000ca5415400000004000000040		HoloPokemonClass.POKEMON_CLASS_NORMAL	1	6.5	235	0.8125	29.375	HoloPokemonFamilyId.V0129_FAMILY_MAGIKARP	0
131	260	186	190	HoloPokemonType.POKEMON_TYPE_WATER	HoloPokemonType.POKEMON_TYPE_ICE	0.159999996	0.090000004	0.524999976	0.699999988	0.349999994	HoloPokemonMovementType.POKEMON_ENC_MOVEMENT_JUMP	3	1.200000048	8	da01d901	522728	36ab2a40daac2a3f6d56d53f3333f33f000000009a99194000004040acaa2a40		HoloPokemonClass.POKEMON_CLASS_NORMAL	1	2.5	220	0.3125	27.5	HoloPokemonFamilyId.V0131_FAMILY_LAPRAS	0
132	96	91	91	HoloPokemonType.POKEMON_TYPE_NORMAL	HoloPokemonType.POKEMON_TYPE_NONE	0.159999996	0.100000001	0.402500004	0.523249984	0.201250002	HoloPokemonMovementType.POKEMON_ENC_MOVEMENT_JUMP	3600	1	3600	de01	8501	00000000daac2a3f6d56d53f6d56d53f00000000000000400000004000000000		HoloPokemonClass.POKEMON_CLASS_NORMAL	1	0.300000012	4	0.037500001	0.5	HoloPokemonFamilyId.V0132_FAMILY_DITTO	0
133	110	104	121	HoloPokemonType.POKEMON_TYPE_NORMAL	HoloPokemonType.POKEMON_TYPE_NONE	0.319999993	0.100000001	0.252000004	0.335999995	0.252000004	HoloPokemonMovementType.POKEMON_ENC_MOVEMENT_JUMP	10	1.350000024	29	db01dd01	1a7d8301	6ade1d40daac2a3fd044044093a9ea3f00000000ca5415400de05d3fdbdd9d3f	8.60187E+11	HoloPokemonClass.POKEMON_CLASS_NORMAL	1	0.300000012	6.5	0.037500001	0.8125	HoloPokemonFamilyId.V0133_FAMILY_EEVEE	25
134	260	205	177	HoloPokemonType.POKEMON_TYPE_WATER	HoloPokemonType.POKEMON_TYPE_NONE	0.119999997	0.059999999	0.209999993	0.524999976	0.262499988	HoloPokemonMovementType.POKEMON_ENC_MOVEMENT_JUMP	3	1	8	e601	696b3a	07f0ee3fdaac2a3f3333f33f9a99d93f0000000000000040fd87084087880840		HoloPokemonClass.POKEMON_CLASS_NORMAL	1	1	29	0.125	3.625	HoloPokemonFamilyId.V0133_FAMILY_EEVEE	0
135	130	232	201	HoloPokemonType.POKEMON_TYPE_ELECTRIC	HoloPokemonType.POKEMON_TYPE_NONE	0.119999997	0.059999999	0.219999999	0.550000012	0.219999999	HoloPokemonMovementType.POKEMON_ENC_MOVEMENT_JUMP	4	1.299999952	11	cd01	234f4e	fd872840daac2a3f6076f73fca5415400000000036ab2a4093a9aa3ff2eeee3f		HoloPokemonClass.POKEMON_CLASS_NORMAL	1	0.800000012	24.5	0.100000001	3.0625	HoloPokemonFamilyId.V0133_FAMILY_EEVEE	0
136	130	246	204	HoloPokemonType.POKEMON_TYPE_FIRE	HoloPokemonType.POKEMON_TYPE_NONE	0.119999997	0.059999999	0.217500001	0.522000015	0.195749998	HoloPokemonMovementType.POKEMON_ENC_MOVEMENT_JUMP	3	1.350000024	8	d101	67182a	00002040daac2a3f6d56d53fd044044000000000ca5415400000803facaa2a40		HoloPokemonClass.POKEMON_CLASS_NORMAL	1	0.899999976	25	0.112499997	3.125	HoloPokemonFamilyId.V0133_FAMILY_EEVEE	0
137	130	153	139	HoloPokemonType.POKEMON_TYPE_NORMAL	HoloPokemonType.POKEMON_TYPE_NONE	0.319999993	0.090000004	0.38499999	0.550000012	0.330000013	HoloPokemonMovementType.POKEMON_ENC_MOVEMENT_HOVERING	8	1	23	db01dd01	1e6323	93a9ea3fdaac2a3f00000000daac2a3f0000000036ab2a40cdcccc3f00000000		HoloPokemonClass.POKEMON_CLASS_NORMAL	1	0.800000012	36.5	0.100000001	4.5625	HoloPokemonFamilyId.V0137_FAMILY_PORYGON	0
138	70	155	174	HoloPokemonType.POKEMON_TYPE_ROCK	HoloPokemonType.POKEMON_TYPE_WATER	0.319999993	0.090000004	0.222000003	0.592000008	0.111000001	HoloPokemonMovementType.POKEMON_ENC_MOVEMENT_JUMP	8	1.299999952	23	e601d801	3e683f	00000040daac2a3f6d56d53f93a9ea3f00000000ca54154036ab2a4000000000	8b01	HoloPokemonClass.POKEMON_CLASS_NORMAL	1	0.400000006	7.5	0.050000001	0.9375	HoloPokemonFamilyId.V0138_FAMILY_OMANYTE	50
139	140	207	227	HoloPokemonType.POKEMON_TYPE_ROCK	HoloPokemonType.POKEMON_TYPE_WATER	0.119999997	0.050000001	0.25	0.899999976	0.1875	HoloPokemonMovementType.POKEMON_ENC_MOVEMENT_JUMP	3	1.25	8	e301e601	3e6b40	00000040daac2a3f6d56d53f93a9ea3f000000000000004036ab2a4000000000		HoloPokemonClass.POKEMON_CLASS_NORMAL	1	1	35	0.125	4.375	HoloPokemonFamilyId.V0138_FAMILY_OMANYTE	0
140	60	148	162	HoloPokemonType.POKEMON_TYPE_ROCK	HoloPokemonType.POKEMON_TYPE_WATER	0.319999993	0.090000004	0.337500006	0.506250024	0.168750003	HoloPokemonMovementType.POKEMON_ENC_MOVEMENT_JUMP	8	0.899999976	23	dc01d801	3e393f	00000000daac2a3f000000000000c03f00000000000000400000004000000000	8d01	HoloPokemonClass.POKEMON_CLASS_NORMAL	1	0.5	11.5	0.0625	1.4375	HoloPokemonFamilyId.V0140_FAMILY_KABUTO	50
141	120	220	203	HoloPokemonType.POKEMON_TYPE_ROCK	HoloPokemonType.POKEMON_TYPE_WATER	0.119999997	0.050000001	0.363999993	0.910000026	0.318500012	HoloPokemonMovementType.POKEMON_ENC_MOVEMENT_JUMP	11	1	4	d801c801	3e6920	36ab0a40daac2a3f6d56d53fcdcccc3f00000000cdcc0c409a99993f00000000		HoloPokemonClass.POKEMON_CLASS_NORMAL	1	1.299999952	40.5	0.162499994	5.0625	HoloPokemonFamilyId.V0140_FAMILY_KABUTO	0
142	160	221	164	HoloPokemonType.POKEMON_TYPE_ROCK	HoloPokemonType.POKEMON_TYPE_FLYING	0.159999996	0.090000004	0.284999996	0.997500002	0.284999996	HoloPokemonMovementType.POKEMON_ENC_MOVEMENT_FLYING	5	1	14	ef01ca01	3e4a0e	36ab0a406666663f0000c03f8cb93b3f000000000000004093a9aa3f5855d53f		HoloPokemonClass.POKEMON_CLASS_NORMAL	1	1.799999952	59	0.224999994	7.375	HoloPokemonFamilyId.V0142_FAMILY_AERODACTYL	0
143	320	190	190	HoloPokemonType.POKEMON_TYPE_NORMAL	HoloPokemonType.POKEMON_TYPE_NONE	0.159999996	0.090000004	0.74000001	1.110000014	0.481000006	HoloPokemonMovementType.POKEMON_ENC_MOVEMENT_JUMP	3	1	8	ea01d401	83010e1f	9a991940daac2a3f93a9ea3f6d56d53f00000000000020400000204054551540		HoloPokemonClass.POKEMON_CLASS_NORMAL	1	2.099999905	460	0.262499988	57.5	HoloPokemonFamilyId.V0143_FAMILY_SNORLAX	0
144	180	192	249	HoloPokemonType.POKEMON_TYPE_ICE	HoloPokemonType.POKEMON_TYPE_FLYING	0	0.100000001	0.231000006	0.660000026	0.231000006	HoloPokemonMovementType.POKEMON_ENC_MOVEMENT_FLYING	3	1	8	da01	276f28	d04404400000803f6d56d53fdaac2a3f000000009a99194093a9aa3fa8aaaa3f		HoloPokemonClass.POKEMON_CLASS_LEGENDARY	1	1.700000048	55.40000153	0.212500006	6.925000191	HoloPokemonFamilyId.V0144_FAMILY_ARTICUNO	0
145	180	253	188	HoloPokemonType.POKEMON_TYPE_ELECTRIC	HoloPokemonType.POKEMON_TYPE_FLYING	0	0.100000001	0.448500007	0.759000003	0.275999993	HoloPokemonMovementType.POKEMON_ENC_MOVEMENT_ELECTRIC	3	1	8	cd01	234f4e	cdcccc3f2653553f0000c03f2653553f00000000000000400000803f5855d53f		HoloPokemonClass.POKEMON_CLASS_LEGENDARY	1	1.600000024	52.59999847	0.200000003	6.574999809	HoloPokemonFamilyId.V0145_FAMILY_ZAPDOS	0
146	180	251	184	HoloPokemonType.POKEMON_TYPE_FIRE	HoloPokemonType.POKEMON_TYPE_FLYING	0	0.100000001	0.402999997	0.930000007	0.216999993	HoloPokemonMovementType.POKEMON_ENC_MOVEMENT_FLYING	3	1	8	d101	672a18	63ee2e4093a9aa3f000000406d56953f00000000000020406666e63f6666e63f		HoloPokemonClass.POKEMON_CLASS_LEGENDARY	1	2	60	0.25	7.5	HoloPokemonFamilyId.V0146_FAMILY_MOLTRES	0
147	82	119	94	HoloPokemonType.POKEMON_TYPE_DRAGON	HoloPokemonType.POKEMON_TYPE_NONE	0.319999993	0.090000004	0.277500004	0.555000007	0.194250003	HoloPokemonMovementType.POKEMON_ENC_MOVEMENT_JUMP	10	0.850000024	29	cc01	0d503a	6d56d53fdaac2a3f93a9ea3f6076b73f0000000000000040cdcccc3f00000000	9401	HoloPokemonClass.POKEMON_CLASS_NORMAL	1	1.799999952	3.299999952	0.224999994	0.412499994	HoloPokemonFamilyId.V0147_FAMILY_DRATINI	25
148	122	163	138	HoloPokemonType.POKEMON_TYPE_DRAGON	HoloPokemonType.POKEMON_TYPE_NONE	0.079999998	0.059999999	0.375	1.125	0.28125	HoloPokemonMovementType.POKEMON_ENC_MOVEMENT_JUMP	8	1.25	23	cc01	0d3a52	cdcccc3fdaac2a3f6d56d53f0000004000000000000020400000004000000040	9501	HoloPokemonClass.POKEMON_CLASS_NORMAL	1	4	16.5	0.5	2.0625	HoloPokemonFamilyId.V0147_FAMILY_DRATINI	100
149	182	263	201	HoloPokemonType.POKEMON_TYPE_DRAGON	HoloPokemonType.POKEMON_TYPE_FLYING	0.039999999	0.050000001	0.419999987	1.049999952	0.245000005	HoloPokemonMovementType.POKEMON_ENC_MOVEMENT_FLYING	3	1	8	cc01ef01	5.20E+55	36ab2a40daac2a3f6d56d53f2653553f0000000036ab2a400000c03f0000c03f		HoloPokemonClass.POKEMON_CLASS_NORMAL	1	2.200000048	210	0.275000006	26.25	HoloPokemonFamilyId.V0147_FAMILY_DRATINI	0
150	212	330	200	HoloPokemonType.POKEMON_TYPE_PSYCHIC	HoloPokemonType.POKEMON_TYPE_NONE	0	0.100000001	0.370000005	1.184000015	0.185000002	HoloPokemonMovementType.POKEMON_ENC_MOVEMENT_JUMP	8	1.200000048	3	e201eb01	6c460e	93a9aa3fdaac2a3f6d56d53f0000004000000000000000400000404000004040		HoloPokemonClass.POKEMON_CLASS_LEGENDARY	1	2	122	0.25	15.25	HoloPokemonFamilyId.V0150_FAMILY_MEWTWO	0
151	200	210	210	HoloPokemonType.POKEMON_TYPE_PSYCHIC	HoloPokemonType.POKEMON_TYPE_NONE	0	0.100000001	0.141000003	0.56400001	0.176249996	HoloPokemonMovementType.POKEMON_ENC_MOVEMENT_PSYCHIC	3	1	8	de01	7a1f6c524e5767740e	36ab2a40daac2a3f6d56d53fdaac2a3f0000000036ab2a406d56d53f00000040		HoloPokemonClass.POKEMON_CLASS_MYTHIC	1	0.400000006	4	0.050000001	0.5	HoloPokemonFamilyId.V0151_FAMILY_MEW	0
